id	title	description	link	image_link	availability	price	brand	condition	product_type	shipping_label	return_policy_label
RPH-1-SEMPERVIVUM-TECTOR	Sempervivum tectorum Plant	Sempervivum tectorum is a hardy rosette succulent with neat blue-green leaves tipped in maroon. It stays compact, multiplies through offsets, and works well in sunny containers or outdoor succulent bowls.	https://rosaryplanthouse.com/plant/1-sempervivum-tectorum/	https://rosaryplanthouse.com/sale_plants/1.jpg	in_stock	59.00 INR	Rosary Plant House	new	Live plants > Plants	Standard live plant shipping	Transit damage replacement or refund support
RPH-2-BERGERANTHUS-SPECI	Bergeranthus species Plant	This Bergeranthus-type succulent forms tight clusters of narrow leaves and bright yellow daisy-like blooms. It is best grown in a sunny, sharply draining pot where the roots never stay soggy.	https://rosaryplanthouse.com/plant/2-bergeranthus-species/	https://rosaryplanthouse.com/sale_plants/2.jpg	in_stock	49.00 INR	Rosary Plant House	new	Live plants > Plants	Standard live plant shipping	Transit damage replacement or refund support
RPH-4-HAWORTHIA-COOPERI-	Haworthia cooperi variegated Plant	Haworthia cooperi variegated is a decorative potted succulent suited to bright light, fast-draining soil, and careful watering.	https://rosaryplanthouse.com/plant/4-haworthia-cooperi-variegated/	https://rosaryplanthouse.com/sale_plants/4.jpg	in_stock	49.00 INR	Rosary Plant House	new	Live plants > Plants	Standard live plant shipping	Transit damage replacement or refund support
RPH-5-PEANUT-CACTUS-5	Peanut Cactus Plant	Peanut cactus is a small clumping cactus with finger-like stems and bold orange-red flowers. It stays compact in pots and is a cheerful choice for bright balconies and cactus collections.	https://rosaryplanthouse.com/plant/5-peanut-cactus/	https://rosaryplanthouse.com/sale_plants/5.jpg	in_stock	69.00 INR	Rosary Plant House	new	Live plants > Plants	Standard live plant shipping	Transit damage replacement or refund support
RPH-6-LAKSHMI-KAMAL-SEMP	Lakshmi Kamal Sempervivum Plant	Lakshmi Kamal Sempervivum is a decorative potted succulent suited to bright light, fast-draining soil, and careful watering.	https://rosaryplanthouse.com/plant/6-lakshmi-kamal-sempervivum/	https://rosaryplanthouse.com/sale_plants/6.jpg	in_stock	79.00 INR	Rosary Plant House	new	Live plants > Plants	Standard live plant shipping	Transit damage replacement or refund support
RPH-7-ECHEVERIA-WHITE-LO	Echeveria White Lotus Plant	Echeveria White Lotus is a decorative potted succulent suited to bright light, fast-draining soil, and careful watering.	https://rosaryplanthouse.com/plant/7-echeveria-white-lotus/	https://rosaryplanthouse.com/sale_plants/7.jpg	in_stock	89.00 INR	Rosary Plant House	new	Live plants > Plants	Standard live plant shipping	Transit damage replacement or refund support
RPH-8-JADE-PLANT-8	Jade Plant Plant	Jade plant is a classic branching succulent with thick glossy leaves and a sturdy upright habit. It is easy to maintain in bright homes and balconies as long as the roots are not kept wet.	https://rosaryplanthouse.com/plant/8-jade-plant/	https://rosaryplanthouse.com/sale_plants/8.jpg	in_stock	59.00 INR	Rosary Plant House	new	Live plants > Plants	Standard live plant shipping	Transit damage replacement or refund support
RPH-10-LIFESAVER-CACTUS-1	Lifesaver Cactus Plant	Huernia zebrina is a quirky stapeliad succulent with ribbed stems and the famous lifebuoy-shaped flower. It likes warmth, bright light, and quick drainage but dislikes staying wet for long.	https://rosaryplanthouse.com/plant/10-lifesaver-cactus/	https://rosaryplanthouse.com/sale_plants/10.jpg	in_stock	69.00 INR	Rosary Plant House	new	Live plants > Plants	Standard live plant shipping	Transit damage replacement or refund support
RPH-12-CALLISIA-REPENS-PI	Callisia repens 'Pink Lady' Plant	Callisia repens 'Pink Lady' is a soft trailing foliage plant with blush-pink tones and tiny layered leaves. It brightens shelves, hanging pots, and mixed planters when kept in bright filtered light.	https://rosaryplanthouse.com/plant/12-callisia-repens-pink-lady/	https://rosaryplanthouse.com/sale_plants/12.jpg	in_stock	59.00 INR	Rosary Plant House	new	Live plants > Plants	Standard live plant shipping	Transit damage replacement or refund support
RPH-13-FINGER-JADE-13	Finger Jade Plant	Finger Jade is a playful jade cultivar with tubular finger-like leaves and an easy branching habit. It handles bright indoor spots and sunny balconies well when the mix drains quickly.	https://rosaryplanthouse.com/plant/13-finger-jade/	https://rosaryplanthouse.com/sale_plants/13.jpg	in_stock	79.00 INR	Rosary Plant House	new	Live plants > Plants	Standard live plant shipping	Transit damage replacement or refund support
RPH-15-ECHEVERIA-15	Echeveria Plant	This blue-green echeveria forms a broad symmetrical rosette with delicate pink edging. It is a classic bright-light succulent for display pots, shelves, and protected balconies.	https://rosaryplanthouse.com/plant/15-echeveria/	https://rosaryplanthouse.com/sale_plants/15.jpg	in_stock	79.00 INR	Rosary Plant House	new	Live plants > Plants	Standard live plant shipping	Transit damage replacement or refund support
RPH-16-DONKEY-TAIL-16	Donkey Tail Plant	Donkey Tail is a trailing succulent with bead-like fleshy leaves packed along arching stems. It is best in hanging pots, bright balconies, and airy spots where the stems can stay dry and undisturbed.	https://rosaryplanthouse.com/plant/16-donkey-tail/	https://rosaryplanthouse.com/sale_plants/16.jpg	in_stock	69.00 INR	Rosary Plant House	new	Live plants > Plants	Standard live plant shipping	Transit damage replacement or refund support
RPH-17-HAWORTHIOPSIS-REIN	Haworthiopsis reinwardtii Plant	Haworthiopsis reinwardtii is an upright zebra-textured succulent with stacked pointed leaves and white raised tubercles. It stays compact and is well suited to bright indoor shelves and shaded balconies.	https://rosaryplanthouse.com/plant/17-haworthiopsis-reinwardtii/	https://rosaryplanthouse.com/sale_plants/17.jpg	in_stock	59.00 INR	Rosary Plant House	new	Live plants > Plants	Standard live plant shipping	Transit damage replacement or refund support
RPH-18-SINOCRASSULA-YUNNA	Sinocrassula yunnanensis Plant	Sinocrassula yunnanensis is a compact dark clustering succulent with sharply layered leaves and a miniature sculptural form. It prefers bright light, quick drainage, and careful watering through humid weather.	https://rosaryplanthouse.com/plant/18-sinocrassula-yunnanensis/	https://rosaryplanthouse.com/sale_plants/18.jpg	in_stock	69.00 INR	Rosary Plant House	new	Live plants > Plants	Standard live plant shipping	Transit damage replacement or refund support
RPH-19-CHOCOLATE-SOLDIER-	Chocolate Soldier Plant	Chocolate Soldier is a fuzzy-leaved kalanchoe with soft silver foliage and dark chocolate-brown edging. It is a bright-light succulent that does well in airy indoor spots and sunny sheltered balconies.	https://rosaryplanthouse.com/plant/19-chocolate-soldier/	https://rosaryplanthouse.com/sale_plants/19.jpg	in_stock	69.00 INR	Rosary Plant House	new	Live plants > Plants	Standard live plant shipping	Transit damage replacement or refund support
RPH-20-BUNNY-EAR-CACTUS-2	Bunny Ear Cactus Plant	Bunny Ear cactus is a playful opuntia with flat pads covered in orange glochids that look like soft dots from a distance. It likes strong light, quick drainage, and very restrained watering during humid weather.	https://rosaryplanthouse.com/plant/20-bunny-ear-cactus/	https://rosaryplanthouse.com/sale_plants/20.jpg	in_stock	49.00 INR	Rosary Plant House	new	Live plants > Plants	Standard live plant shipping	Transit damage replacement or refund support
RPH-21-BUNNY-EAR-CACTUS-Y	Bunny Ear Cactus Yellow Form	Bunny Ear Cactus Yellow Form is a potted cactus suited to bright, sharply drained growing conditions.	https://rosaryplanthouse.com/plant/21-bunny-ear-cactus-yellow-form/	https://rosaryplanthouse.com/sale_plants/21.jpg	in_stock	49.00 INR	Rosary Plant House	new	Live plants > Plants	Standard live plant shipping	Transit damage replacement or refund support
RPH-22-GRAPTOPETALUM-AMET	Graptopetalum amethystinum Plant	Graptopetalum amethystinum is a decorative potted succulent suited to bright light, fast-draining soil, and careful watering.	https://rosaryplanthouse.com/plant/22-graptopetalum-amethystinum/	https://rosaryplanthouse.com/sale_plants/22.jpg	in_stock	79.00 INR	Rosary Plant House	new	Live plants > Plants	Standard live plant shipping	Transit damage replacement or refund support
RPH-24-OPUNTIA-MONACANTHA	Opuntia monacantha Plant	Opuntia monacantha is a decorative potted cactus suited to strong light, sharp drainage, and dry watering intervals.	https://rosaryplanthouse.com/plant/24-opuntia-monacantha/	https://rosaryplanthouse.com/sale_plants/24.jpg	in_stock	49.00 INR	Rosary Plant House	new	Live plants > Plants	Standard live plant shipping	Transit damage replacement or refund support
RPH-25-CHOCOLATE-SOLDIER-	Chocolate Soldier	Chocolate Soldier is a decorative potted succulent suited to bright, well-drained growing conditions.	https://rosaryplanthouse.com/plant/25-chocolate-soldier/	https://rosaryplanthouse.com/sale_plants/25.jpg	in_stock	49.00 INR	Rosary Plant House	new	Live plants > Plants	Standard live plant shipping	Transit damage replacement or refund support
RPH-27-ECHEVERIA-AKMALIA	Echeveria Akmalia Plant	Echeveria Akmalia is a decorative potted succulent suited to bright light, fast-draining soil, and careful watering.	https://rosaryplanthouse.com/plant/27-echeveria-akmalia/	https://rosaryplanthouse.com/sale_plants/27.jpg	in_stock	59.00 INR	Rosary Plant House	new	Live plants > Plants	Standard live plant shipping	Transit damage replacement or refund support
RPH-28-MEXICAN-SNOWBALL-2	Mexican Snowball	Mexican Snowball is a decorative potted succulent suited to bright, well-drained growing conditions.	https://rosaryplanthouse.com/plant/28-mexican-snowball/	https://rosaryplanthouse.com/sale_plants/28.jpg	in_stock	69.00 INR	Rosary Plant House	new	Live plants > Plants	Standard live plant shipping	Transit damage replacement or refund support
RPH-29-TIGER-TOOTH-ALOE-2	Tiger Tooth Aloe	Tiger Tooth Aloe is a decorative potted succulent suited to bright, well-drained growing conditions.	https://rosaryplanthouse.com/plant/29-tiger-tooth-aloe/	https://rosaryplanthouse.com/sale_plants/29.jpg	in_stock	59.00 INR	Rosary Plant House	new	Live plants > Plants	Standard live plant shipping	Transit damage replacement or refund support
RPH-31-THIMBLE-CACTUS-31	Thimble Cactus	Thimble Cactus is a potted cactus suited to bright, sharply drained growing conditions.	https://rosaryplanthouse.com/plant/31-thimble-cactus/	https://rosaryplanthouse.com/sale_plants/31.jpg	in_stock	59.00 INR	Rosary Plant House	new	Live plants > Plants	Standard live plant shipping	Transit damage replacement or refund support
RPH-32-SHORT-LEAVED-ALOE-	Short-Leaved Aloe	Short-Leaved Aloe is a decorative potted succulent suited to bright, well-drained growing conditions.	https://rosaryplanthouse.com/plant/32-short-leaved-aloe/	https://rosaryplanthouse.com/sale_plants/32.jpg	in_stock	59.00 INR	Rosary Plant House	new	Live plants > Plants	Standard live plant shipping	Transit damage replacement or refund support
RPH-33-SPIDER-ALOE-33	Spider Aloe	Spider Aloe is a decorative potted succulent suited to bright, well-drained growing conditions.	https://rosaryplanthouse.com/plant/33-spider-aloe/	https://rosaryplanthouse.com/sale_plants/33.jpg	in_stock	49.00 INR	Rosary Plant House	new	Live plants > Plants	Standard live plant shipping	Transit damage replacement or refund support
RPH-34-TIGER-JAWS-34	Tiger Jaws	Tiger Jaws is a decorative potted succulent suited to bright, well-drained growing conditions.	https://rosaryplanthouse.com/plant/34-tiger-jaws/	https://rosaryplanthouse.com/sale_plants/34.jpg	in_stock	79.00 INR	Rosary Plant House	new	Live plants > Plants	Standard live plant shipping	Transit damage replacement or refund support
RPH-35-HAWORTHIA-RESENDEA	Haworthia resendeana Plant	Haworthia resendeana is a decorative potted succulent suited to bright light, fast-draining soil, and careful watering.	https://rosaryplanthouse.com/plant/35-haworthia-resendeana/	https://rosaryplanthouse.com/sale_plants/35.jpg	in_stock	49.00 INR	Rosary Plant House	new	Live plants > Plants	Standard live plant shipping	Transit damage replacement or refund support
RPH-38-GOLDEN-NEEDLE-STON	Golden Needle Stonecrop	Golden Needle Stonecrop is a decorative potted succulent suited to bright, well-drained growing conditions.	https://rosaryplanthouse.com/plant/38-golden-needle-stonecrop/	https://rosaryplanthouse.com/sale_plants/38.jpg	in_stock	59.00 INR	Rosary Plant House	new	Live plants > Plants	Standard live plant shipping	Transit damage replacement or refund support
RPH-44-CURLED-BLUE-ECHEVE	Curled Blue Echeveria	Curled Blue Echeveria is a decorative potted succulent suited to bright, well-drained growing conditions.	https://rosaryplanthouse.com/plant/44-curled-blue-echeveria/	https://rosaryplanthouse.com/sale_plants/44.jpg	in_stock	59.00 INR	Rosary Plant House	new	Live plants > Plants	Standard live plant shipping	Transit damage replacement or refund support
RPH-45-RED-FLORIST-KALANC	Red Florist Kalanchoe	Red Florist Kalanchoe is a decorative flowering plant suited to bright, airy pot culture.	https://rosaryplanthouse.com/plant/45-red-florist-kalanchoe/	https://rosaryplanthouse.com/sale_plants/45.jpg	in_stock	59.00 INR	Rosary Plant House	new	Live plants > Plants	Standard live plant shipping	Transit damage replacement or refund support
RPH-48-RIPPLE-PEPEROMIA-4	Ripple Peperomia	Ripple Peperomia is a decorative foliage plant suited to bright, airy indoor or balcony conditions.	https://rosaryplanthouse.com/plant/48-ripple-peperomia/	https://rosaryplanthouse.com/sale_plants/48.jpg	in_stock	69.00 INR	Rosary Plant House	new	Live plants > Plants	Standard live plant shipping	Transit damage replacement or refund support
RPH-49-PINK-HYDRANGEA-49	Pink Hydrangea	Pink Hydrangea is a decorative flowering plant suited to bright, airy pot culture.	https://rosaryplanthouse.com/plant/49-pink-hydrangea/	https://rosaryplanthouse.com/sale_plants/49.jpg	in_stock	39.00 INR	Rosary Plant House	new	Live plants > Plants	Standard live plant shipping	Transit damage replacement or refund support
RPH-50-VARIEGATED-WAX-IVY	Variegated Wax Ivy	Variegated Wax Ivy is a decorative foliage plant suited to bright, airy indoor or balcony conditions.	https://rosaryplanthouse.com/plant/50-variegated-wax-ivy/	https://rosaryplanthouse.com/sale_plants/50.jpg	in_stock	39.00 INR	Rosary Plant House	new	Live plants > Plants	Standard live plant shipping	Transit damage replacement or refund support
RPH-52-ELEPHANT-BUSH-52	Elephant Bush	Elephant Bush is a decorative potted succulent suited to bright, well-drained growing conditions.	https://rosaryplanthouse.com/plant/52-elephant-bush/	https://rosaryplanthouse.com/sale_plants/52.jpg	in_stock	59.00 INR	Rosary Plant House	new	Live plants > Plants	Standard live plant shipping	Transit damage replacement or refund support
RPH-53-ZEBRA-HAWORTHIA-53	Zebra Haworthia	Zebra Haworthia is a decorative potted succulent suited to bright, well-drained growing conditions.	https://rosaryplanthouse.com/plant/53-zebra-haworthia/	https://rosaryplanthouse.com/sale_plants/53.jpg	in_stock	59.00 INR	Rosary Plant House	new	Live plants > Plants	Standard live plant shipping	Transit damage replacement or refund support
RPH-54-COBWEB-HOUSELEEK-5	Cobweb Houseleek	Cobweb Houseleek is a decorative potted succulent suited to bright, well-drained growing conditions.	https://rosaryplanthouse.com/plant/54-cobweb-houseleek/	https://rosaryplanthouse.com/sale_plants/54.jpg	in_stock	59.00 INR	Rosary Plant House	new	Live plants > Plants	Standard live plant shipping	Transit damage replacement or refund support
RPH-55-CRASSULA-CAPITELLA	Crassula capitella Plant	Crassula capitella is a decorative potted succulent suited to bright light, fast-draining soil, and careful watering.	https://rosaryplanthouse.com/plant/55-crassula-capitella/	https://rosaryplanthouse.com/sale_plants/55.jpg	in_stock	69.00 INR	Rosary Plant House	new	Live plants > Plants	Standard live plant shipping	Transit damage replacement or refund support
RPH-56-OPUNTIOID-CACTUS-5	Opuntioid Cactus	Opuntioid Cactus is a potted cactus suited to bright, sharply drained growing conditions.	https://rosaryplanthouse.com/plant/56-opuntioid-cactus/	https://rosaryplanthouse.com/sale_plants/56.jpg	in_stock	49.00 INR	Rosary Plant House	new	Live plants > Plants	Standard live plant shipping	Transit damage replacement or refund support
RPH-57-PINK-SYNGONIUM-57	Pink Syngonium	Pink Syngonium is a decorative foliage plant suited to bright, airy indoor or balcony conditions.	https://rosaryplanthouse.com/plant/57-pink-syngonium/	https://rosaryplanthouse.com/sale_plants/57.jpg	in_stock	59.00 INR	Rosary Plant House	new	Live plants > Plants	Standard live plant shipping	Transit damage replacement or refund support
RPH-58-SPOTTED-GASTERIA-T	Scilla siberica Plant	Spotted Gasteria Type is a decorative potted succulent suited to bright, well-drained growing conditions.	https://rosaryplanthouse.com/plant/58-scilla-siberica/	https://rosaryplanthouse.com/sale_plants/58.jpg	in_stock	79.00 INR	Rosary Plant House	new	Live plants > Plants	Standard live plant shipping	Transit damage replacement or refund support
RPH-59-CHEIRIDOPSIS-DENTI	Cheiridopsis denticulata Plant	Cheiridopsis denticulata is a decorative potted succulent suited to bright light, fast-draining soil, and careful watering.	https://rosaryplanthouse.com/plant/59-cheiridopsis-denticulata/	https://rosaryplanthouse.com/sale_plants/59.jpg	in_stock	59.00 INR	Rosary Plant House	new	Live plants > Plants	Standard live plant shipping	Transit damage replacement or refund support
RPH-60-WATERMELON-PEPEROM	Watermelon Peperomia	Watermelon Peperomia is a decorative foliage plant suited to bright, airy indoor or balcony conditions.	https://rosaryplanthouse.com/plant/60-watermelon-peperomia/	https://rosaryplanthouse.com/sale_plants/60.jpg	in_stock	69.00 INR	Rosary Plant House	new	Live plants > Plants	Standard live plant shipping	Transit damage replacement or refund support
RPH-61-ACANTHOCALYCIUM	Acanthocalycium Plant	Acanthocalycium is a decorative potted cactus suited to strong light, sharp drainage, and dry watering intervals.	https://rosaryplanthouse.com/plant/61-acanthocalycium/	https://rosaryplanthouse.com/sale_plants/61.jpg	in_stock	99.00 INR	Rosary Plant House	new	Live plants > Plants	Standard live plant shipping	Transit damage replacement or refund support
RPH-62-ALOE-BREVIFOLIA-SH	Aloe brevifolia Short Leaved Aloe Plant	Aloe brevifolia Short Leaved Aloe is a decorative potted succulent suited to bright light, fast-draining soil, and careful watering.	https://rosaryplanthouse.com/plant/62-aloe-brevifolia-short-leaved-aloe/	https://rosaryplanthouse.com/sale_plants/62.jpg	in_stock	49.00 INR	Rosary Plant House	new	Live plants > Plants	Standard live plant shipping	Transit damage replacement or refund support
RPH-63-ECHINOPSIS-SUBDENU	Echinopsis subdenudata Plant	Echinopsis subdenudata is a decorative potted cactus suited to strong light, sharp drainage, and dry watering intervals.	https://rosaryplanthouse.com/plant/63-echinopsis-subdenudata/	https://rosaryplanthouse.com/sale_plants/63.jpg	in_stock	69.00 INR	Rosary Plant House	new	Live plants > Plants	Standard live plant shipping	Transit damage replacement or refund support
RPH-65-CRASSULA-FALCATA	Crassula falcata Plant	Crassula falcata is a decorative potted foliage plant suited to bright filtered light, airy soil, and steady drainage.	https://rosaryplanthouse.com/plant/65-crassula-falcata/	https://rosaryplanthouse.com/sale_plants/65.jpg	in_stock	99.00 INR	Rosary Plant House	new	Live plants > Plants	Standard live plant shipping	Transit damage replacement or refund support
RPH-66-WINDOW-HAWORTHIA-6	Window Haworthia	Window Haworthia is a decorative potted succulent suited to bright, well-drained growing conditions.	https://rosaryplanthouse.com/plant/66-window-haworthia/	https://rosaryplanthouse.com/sale_plants/66.jpg	in_stock	49.00 INR	Rosary Plant House	new	Live plants > Plants	Standard live plant shipping	Transit damage replacement or refund support
RPH-67-ZEBRA-HAWORTHIA-67	Zebra Haworthia	Zebra Haworthia is a decorative potted succulent suited to bright, well-drained growing conditions.	https://rosaryplanthouse.com/plant/67-zebra-haworthia/	https://rosaryplanthouse.com/sale_plants/67.jpg	in_stock	59.00 INR	Rosary Plant House	new	Live plants > Plants	Standard live plant shipping	Transit damage replacement or refund support
RPH-68-HAWORTHIOPSIS-COAR	Haworthiopsis coarctata Plant	Haworthiopsis coarctata is a decorative potted succulent suited to bright light, fast-draining soil, and careful watering.	https://rosaryplanthouse.com/plant/68-haworthiopsis-coarctata/	https://rosaryplanthouse.com/sale_plants/68.jpg	in_stock	59.00 INR	Rosary Plant House	new	Live plants > Plants	Standard live plant shipping	Transit damage replacement or refund support
RPH-69-AEONIUM-HAWORTHII	Aeonium haworthii Plant	Aeonium haworthii is a decorative potted succulent suited to bright light, fast-draining soil, and careful watering.	https://rosaryplanthouse.com/plant/69-aeonium-haworthii/	https://rosaryplanthouse.com/sale_plants/69.jpg	in_stock	59.00 INR	Rosary Plant House	new	Live plants > Plants	Standard live plant shipping	Transit damage replacement or refund support
RPH-72-STRING-OF-PEARLS-7	String of Pearls	String of Pearls is a decorative potted succulent suited to bright, well-drained growing conditions.	https://rosaryplanthouse.com/plant/72-string-of-pearls/	https://rosaryplanthouse.com/sale_plants/72.jpg	in_stock	69.00 INR	Rosary Plant House	new	Live plants > Plants	Standard live plant shipping	Transit damage replacement or refund support
RPH-73-VARIEGATED-BIRD-S-	Variegated Bird's Nest Snake Plant	Variegated Bird's Nest Snake Plant is a decorative foliage plant suited to bright, airy indoor or balcony conditions.	https://rosaryplanthouse.com/plant/73-variegated-bird-s-nest-snake-plant/	https://rosaryplanthouse.com/sale_plants/73.jpg	in_stock	69.00 INR	Rosary Plant House	new	Live plants > Plants	Standard live plant shipping	Transit damage replacement or refund support
RPH-74-GREEN-SPIDER-PLANT	Green Spider Plant	Green Spider Plant is a decorative foliage plant suited to bright, airy indoor or balcony conditions.	https://rosaryplanthouse.com/plant/74-green-spider-plant/	https://rosaryplanthouse.com/sale_plants/74.jpg	in_stock	49.00 INR	Rosary Plant House	new	Live plants > Plants	Standard live plant shipping	Transit damage replacement or refund support
RPH-76-FAIRY-WASHBOARD-76	Fairy Washboard	Fairy Washboard is a decorative potted succulent suited to bright, well-drained growing conditions.	https://rosaryplanthouse.com/plant/76-fairy-washboard/	https://rosaryplanthouse.com/sale_plants/76.jpg	in_stock	59.00 INR	Rosary Plant House	new	Live plants > Plants	Standard live plant shipping	Transit damage replacement or refund support
RPH-77-ANACAMPSEROS-BAESE	Anacampseros baeseckei Plant	Anacampseros baeseckei is a decorative potted succulent suited to bright light, fast-draining soil, and careful watering.	https://rosaryplanthouse.com/plant/77-anacampseros-baeseckei/	https://rosaryplanthouse.com/sale_plants/77.jpg	in_stock	69.00 INR	Rosary Plant House	new	Live plants > Plants	Standard live plant shipping	Transit damage replacement or refund support
RPH-78-SNAKE-PLANT-TYPE-7	Snake Plant Type	Snake Plant Type is a decorative foliage plant suited to bright, airy indoor or balcony conditions.	https://rosaryplanthouse.com/plant/78-snake-plant-type/	https://rosaryplanthouse.com/sale_plants/78.jpg	in_stock	89.00 INR	Rosary Plant House	new	Live plants > Plants	Standard live plant shipping	Transit damage replacement or refund support
RPH-79-GASTERIA	Gasteria Plant	Gasteria is a decorative potted succulent suited to bright light, fast-draining soil, and careful watering.	https://rosaryplanthouse.com/plant/79-gasteria/	https://rosaryplanthouse.com/sale_plants/79.jpg	in_stock	79.00 INR	Rosary Plant House	new	Live plants > Plants	Standard live plant shipping	Transit damage replacement or refund support
RPH-82-VARIEGATED-PERIWIN	Variegated Periwinkle	Variegated Periwinkle is a decorative flowering plant suited to bright, airy pot culture.	https://rosaryplanthouse.com/plant/82-variegated-periwinkle/	https://rosaryplanthouse.com/sale_plants/82.jpg	in_stock	49.00 INR	Rosary Plant House	new	Live plants > Plants	Standard live plant shipping	Transit damage replacement or refund support
RPH-84-SPOTTED-ALOE-HYBRI	Spotted Aloe Hybrid	Spotted Aloe Hybrid is a decorative potted succulent suited to bright, well-drained growing conditions.	https://rosaryplanthouse.com/plant/84-spotted-aloe-hybrid/	https://rosaryplanthouse.com/sale_plants/84.jpg	in_stock	69.00 INR	Rosary Plant House	new	Live plants > Plants	Standard live plant shipping	Transit damage replacement or refund support
RPH-85-VARIEGATED-NEEDLE-	Variegated Needle Stonecrop	Variegated Needle Stonecrop is a decorative potted succulent suited to bright, well-drained growing conditions.	https://rosaryplanthouse.com/plant/85-variegated-needle-stonecrop/	https://rosaryplanthouse.com/sale_plants/85.jpg	in_stock	59.00 INR	Rosary Plant House	new	Live plants > Plants	Standard live plant shipping	Transit damage replacement or refund support
RPH-86-WINDOW-HAWORTHIA-C	Window Haworthia Cluster	Window Haworthia Cluster is a decorative potted succulent suited to bright, well-drained growing conditions.	https://rosaryplanthouse.com/plant/86-window-haworthia-cluster/	https://rosaryplanthouse.com/sale_plants/86.jpg	in_stock	59.00 INR	Rosary Plant House	new	Live plants > Plants	Standard live plant shipping	Transit damage replacement or refund support
RPH-88-HECHTIA-GLAUCA	Hechtia glauca Plant	Hechtia glauca is a decorative potted succulent suited to bright light, fast-draining soil, and careful watering.	https://rosaryplanthouse.com/plant/88-hechtia-glauca/	https://rosaryplanthouse.com/sale_plants/88.jpg	in_stock	59.00 INR	Rosary Plant House	new	Live plants > Plants	Standard live plant shipping	Transit damage replacement or refund support
RPH-89-ECHEVERIA-NUDA	Echeveria nuda Plant	Echeveria nuda is a decorative potted succulent suited to bright light, fast-draining soil, and careful watering.	https://rosaryplanthouse.com/plant/89-echeveria-nuda/	https://rosaryplanthouse.com/sale_plants/89.jpg	in_stock	59.00 INR	Rosary Plant House	new	Live plants > Plants	Standard live plant shipping	Transit damage replacement or refund support
RPH-90-PORTULACARIA	Portulacaria Plant	Portulacaria is a decorative potted foliage plant suited to bright filtered light, airy soil, and steady drainage.	https://rosaryplanthouse.com/plant/90-portulacaria/	https://rosaryplanthouse.com/sale_plants/90.jpg	in_stock	79.00 INR	Rosary Plant House	new	Live plants > Plants	Standard live plant shipping	Transit damage replacement or refund support
RPH-91-STRING-OF-BUTTONS-	String of Buttons	String of Buttons is a decorative potted succulent suited to bright, well-drained growing conditions.	https://rosaryplanthouse.com/plant/91-string-of-buttons/	https://rosaryplanthouse.com/sale_plants/91.jpg	in_stock	59.00 INR	Rosary Plant House	new	Live plants > Plants	Standard live plant shipping	Transit damage replacement or refund support
RPH-92-FISHBONE-CACTUS-92	Fishbone Cactus	Fishbone Cactus is a potted cactus suited to bright, sharply drained growing conditions.	https://rosaryplanthouse.com/plant/92-fishbone-cactus/	https://rosaryplanthouse.com/sale_plants/92.jpg	in_stock	69.00 INR	Rosary Plant House	new	Live plants > Plants	Standard live plant shipping	Transit damage replacement or refund support
RPH-93-VARIEGATED-SPIDER-	Variegated Spider Plant	Variegated Spider Plant is a decorative foliage plant suited to bright, airy indoor or balcony conditions.	https://rosaryplanthouse.com/plant/93-variegated-spider-plant/	https://rosaryplanthouse.com/sale_plants/93.jpg	in_stock	39.00 INR	Rosary Plant House	new	Live plants > Plants	Standard live plant shipping	Transit damage replacement or refund support
RPH-96-STAPELIA-LEPIDA	Stapelia lepida Plant	Stapelia lepida is a decorative potted succulent suited to bright light, fast-draining soil, and careful watering.	https://rosaryplanthouse.com/plant/96-stapelia-lepida/	https://rosaryplanthouse.com/sale_plants/96.jpg	in_stock	99.00 INR	Rosary Plant House	new	Live plants > Plants	Standard live plant shipping	Transit damage replacement or refund support
RPH-99-AEONIUM-ARBOREUM-G	Aeonium arboreum green Plant	Aeonium arboreum green is a decorative potted succulent suited to bright light, fast-draining soil, and careful watering.	https://rosaryplanthouse.com/plant/99-aeonium-arboreum-green/	https://rosaryplanthouse.com/sale_plants/99.jpg	in_stock	69.00 INR	Rosary Plant House	new	Live plants > Plants	Standard live plant shipping	Transit damage replacement or refund support
RPH-100-BLACK-ROSE-AEONIUM	Black Rose Aeonium	Black Rose Aeonium is a decorative potted succulent suited to bright, well-drained growing conditions.	https://rosaryplanthouse.com/plant/100-black-rose-aeonium/	https://rosaryplanthouse.com/sale_plants/100.jpg	in_stock	69.00 INR	Rosary Plant House	new	Live plants > Plants	Standard live plant shipping	Transit damage replacement or refund support
RPH-102-SNAKE-PLANT-102	Snake Plant	Snake Plant is a decorative foliage plant suited to bright, airy indoor or balcony conditions.	https://rosaryplanthouse.com/plant/102-snake-plant/	https://rosaryplanthouse.com/sale_plants/102.jpg	in_stock	99.00 INR	Rosary Plant House	new	Live plants > Plants	Standard live plant shipping	Transit damage replacement or refund support
RPH-103-BLUE-CHALKSTICKS	Blue Chalksticks Plant	Blue Chalksticks is a decorative potted succulent suited to bright light, fast-draining soil, and careful watering.	https://rosaryplanthouse.com/plant/103-blue-chalksticks/	https://rosaryplanthouse.com/sale_plants/103.jpg	in_stock	69.00 INR	Rosary Plant House	new	Live plants > Plants	Standard live plant shipping	Transit damage replacement or refund support
RPH-104-CROWN-OF-THORNS-10	Euphorbia milii Plant	Crown of Thorns is a decorative flowering plant suited to bright, airy pot culture.	https://rosaryplanthouse.com/plant/104-euphorbia-milii/	https://rosaryplanthouse.com/sale_plants/104.jpg	in_stock	69.00 INR	Rosary Plant House	new	Live plants > Plants	Standard live plant shipping	Transit damage replacement or refund support
RPH-105-VARIEGATED-AGAVE-T	Variegated Agave Type	Variegated Agave Type is a decorative foliage plant suited to bright, airy indoor or balcony conditions.	https://rosaryplanthouse.com/plant/105-variegated-agave-type/	https://rosaryplanthouse.com/sale_plants/105.jpg	in_stock	39.00 INR	Rosary Plant House	new	Live plants > Plants	Standard live plant shipping	Transit damage replacement or refund support
RPH-106-BIRD-S-NEST-SNAKE-	Bird's Nest Snake Plant	Bird's Nest Snake Plant is a decorative foliage plant suited to bright, airy indoor or balcony conditions.	https://rosaryplanthouse.com/plant/106-bird-s-nest-snake-plant/	https://rosaryplanthouse.com/sale_plants/106.jpg	in_stock	49.00 INR	Rosary Plant House	new	Live plants > Plants	Standard live plant shipping	Transit damage replacement or refund support
RPH-107-DELOSPERMA	Delosperma Plant	Delosperma is a decorative potted succulent suited to bright light, fast-draining soil, and careful watering.	https://rosaryplanthouse.com/plant/107-delosperma/	https://rosaryplanthouse.com/sale_plants/107.jpg	in_stock	69.00 INR	Rosary Plant House	new	Live plants > Plants	Standard live plant shipping	Transit damage replacement or refund support
RPH-108-VARIEGATED-ELEPHAN	Variegated Elephant Bush	Variegated Elephant Bush is a decorative potted succulent suited to bright, well-drained growing conditions.	https://rosaryplanthouse.com/plant/108-variegated-elephant-bush/	https://rosaryplanthouse.com/sale_plants/108.jpg	in_stock	49.00 INR	Rosary Plant House	new	Live plants > Plants	Standard live plant shipping	Transit damage replacement or refund support
RPH-109-DONKEY-TAIL-SEDUM-	Donkey Tail Sedum morganianum Plant	Donkey Tail Sedum morganianum is a decorative potted succulent suited to bright light, fast-draining soil, and careful watering.	https://rosaryplanthouse.com/plant/109-donkey-tail-sedum-morganianum/	https://rosaryplanthouse.com/sale_plants/109.jpg	in_stock	59.00 INR	Rosary Plant House	new	Live plants > Plants	Standard live plant shipping	Transit damage replacement or refund support
RPH-110-SEDEVERIA-SUPER-DO	Sedeveria Super Donkey Tail Plant	Sedeveria Super Donkey Tail is a decorative potted succulent suited to bright light, fast-draining soil, and careful watering.	https://rosaryplanthouse.com/plant/110-sedeveria-super-donkey-tail/	https://rosaryplanthouse.com/sale_plants/110.jpg	in_stock	69.00 INR	Rosary Plant House	new	Live plants > Plants	Standard live plant shipping	Transit damage replacement or refund support
RPH-111-STRING-OF-BANANAS-	String of Bananas	String of Bananas is a decorative potted succulent suited to bright, well-drained growing conditions.	https://rosaryplanthouse.com/plant/111-string-of-bananas/	https://rosaryplanthouse.com/sale_plants/111.jpg	in_stock	79.00 INR	Rosary Plant House	new	Live plants > Plants	Standard live plant shipping	Transit damage replacement or refund support
RPH-113-GOLDEN-SYNGONIUM-1	Golden Syngonium	Golden Syngonium is a decorative foliage plant suited to bright, airy indoor or balcony conditions.	https://rosaryplanthouse.com/plant/113-golden-syngonium/	https://rosaryplanthouse.com/sale_plants/113.jpg	in_stock	89.00 INR	Rosary Plant House	new	Live plants > Plants	Standard live plant shipping	Transit damage replacement or refund support
RPH-114-VARIEGATED-SYNGONI	Variegated Syngonium	Variegated Syngonium is a decorative foliage plant suited to bright, airy indoor or balcony conditions.	https://rosaryplanthouse.com/plant/114-variegated-syngonium/	https://rosaryplanthouse.com/sale_plants/114.jpg	in_stock	59.00 INR	Rosary Plant House	new	Live plants > Plants	Standard live plant shipping	Transit damage replacement or refund support
RPH-115-PEACE-LILY-115	Peace Lily	Peace Lily is a decorative foliage plant suited to bright, airy indoor or balcony conditions.	https://rosaryplanthouse.com/plant/115-peace-lily/	https://rosaryplanthouse.com/sale_plants/115.jpg	in_stock	69.00 INR	Rosary Plant House	new	Live plants > Plants	Standard live plant shipping	Transit damage replacement or refund support
RPH-116-ALOE-VERA-TYPE-116	Aloe x spinosissima Plant	Aloe Vera Type is a decorative potted succulent suited to bright, well-drained growing conditions.	https://rosaryplanthouse.com/plant/116-aloe-x-spinosissima/	https://rosaryplanthouse.com/sale_plants/116.jpg	in_stock	79.00 INR	Rosary Plant House	new	Live plants > Plants	Standard live plant shipping	Transit damage replacement or refund support
RPH-119-AFRICAN-VIOLET-119	African Violet	African Violet is a decorative flowering plant suited to bright, airy pot culture.	https://rosaryplanthouse.com/plant/119-african-violet/	https://rosaryplanthouse.com/sale_plants/119.jpg	in_stock	89.00 INR	Rosary Plant House	new	Live plants > Plants	Standard live plant shipping	Transit damage replacement or refund support
RPH-120-VARIEGATED-BABY-RU	Variegated Baby Rubber Plant	Variegated Baby Rubber Plant is a decorative foliage plant suited to bright, airy indoor or balcony conditions.	https://rosaryplanthouse.com/plant/120-variegated-baby-rubber-plant/	https://rosaryplanthouse.com/sale_plants/120.jpg	in_stock	69.00 INR	Rosary Plant House	new	Live plants > Plants	Standard live plant shipping	Transit damage replacement or refund support
RPH-123-TRICOLOR-BABY-RUBB	Tricolor Baby Rubber Plant	Tricolor Baby Rubber Plant is a decorative foliage plant suited to bright, airy indoor or balcony conditions.	https://rosaryplanthouse.com/plant/123-tricolor-baby-rubber-plant/	https://rosaryplanthouse.com/sale_plants/123.jpg	in_stock	79.00 INR	Rosary Plant House	new	Live plants > Plants	Standard live plant shipping	Transit damage replacement or refund support
RPH-124-PORTULACA-VARIEGAT	Portulaca variegated Plant	Portulaca variegated is a decorative potted foliage plant suited to bright filtered light, airy soil, and steady drainage.	https://rosaryplanthouse.com/plant/124-portulaca-variegated/	https://rosaryplanthouse.com/sale_plants/124.jpg	in_stock	49.00 INR	Rosary Plant House	new	Live plants > Plants	Standard live plant shipping	Transit damage replacement or refund support
RPH-125-TURTLE-VINE-125	Turtle Vine	Turtle Vine is a decorative foliage plant suited to bright, airy indoor or balcony conditions.	https://rosaryplanthouse.com/plant/125-turtle-vine/	https://rosaryplanthouse.com/sale_plants/125.jpg	in_stock	49.00 INR	Rosary Plant House	new	Live plants > Plants	Standard live plant shipping	Transit damage replacement or refund support
RPH-126-VARIEGATED-BIRD-S-	Variegated Bird's Nest Snake Plant	Variegated Bird's Nest Snake Plant is a decorative foliage plant suited to bright, airy indoor or balcony conditions.	https://rosaryplanthouse.com/plant/126-variegated-bird-s-nest-snake-plant/	https://rosaryplanthouse.com/sale_plants/126.jpg	in_stock	79.00 INR	Rosary Plant House	new	Live plants > Plants	Standard live plant shipping	Transit damage replacement or refund support
RPH-132-PHILODENDRON-HEART	Philodendron Heart Leaf Plant	Philodendron Heart Leaf is a decorative potted foliage plant suited to bright filtered light, airy soil, and steady drainage.	https://rosaryplanthouse.com/plant/132-philodendron-heart-leaf/	https://rosaryplanthouse.com/sale_plants/132.jpg	in_stock	79.00 INR	Rosary Plant House	new	Live plants > Plants	Standard live plant shipping	Transit damage replacement or refund support
RPH-134-SEDUM-STONECROP	Sedum Stonecrop Plant	Sedum Stonecrop is a decorative potted succulent suited to bright light, fast-draining soil, and careful watering.	https://rosaryplanthouse.com/plant/134-sedum-stonecrop/	https://rosaryplanthouse.com/sale_plants/134.jpg	in_stock	59.00 INR	Rosary Plant House	new	Live plants > Plants	Standard live plant shipping	Transit damage replacement or refund support
RPH-138-COTYLEDON-TOMENTOS	Cotyledon tomentosa Plant	Cotyledon tomentosa is a decorative potted succulent suited to bright light, fast-draining soil, and careful watering.	https://rosaryplanthouse.com/plant/138-cotyledon-tomentosa/	https://rosaryplanthouse.com/sale_plants/138.jpg	in_stock	79.00 INR	Rosary Plant House	new	Live plants > Plants	Standard live plant shipping	Transit damage replacement or refund support
RPH-139-STRING-OF-HEARTS-1	String of Hearts	String of Hearts is a decorative foliage plant suited to bright, airy indoor or balcony conditions.	https://rosaryplanthouse.com/plant/139-string-of-hearts/	https://rosaryplanthouse.com/sale_plants/139.jpg	in_stock	99.00 INR	Rosary Plant House	new	Live plants > Plants	Standard live plant shipping	Transit damage replacement or refund support
RPH-140-JADE-PLANT-140	Jade Plant	Jade Plant is a decorative potted succulent suited to bright, well-drained growing conditions.	https://rosaryplanthouse.com/plant/140-jade-plant/	https://rosaryplanthouse.com/sale_plants/140.jpg	in_stock	69.00 INR	Rosary Plant House	new	Live plants > Plants	Standard live plant shipping	Transit damage replacement or refund support
RPH-142-GOLDEN-STONECROP-1	Golden Stonecrop	Golden Stonecrop is a decorative potted succulent suited to bright, well-drained growing conditions.	https://rosaryplanthouse.com/plant/142-golden-stonecrop/	https://rosaryplanthouse.com/sale_plants/142.jpg	in_stock	69.00 INR	Rosary Plant House	new	Live plants > Plants	Standard live plant shipping	Transit damage replacement or refund support
RPH-145-ALOE-CASTILLONIAE-	Aloe castilloniae Liliputana Plant	Aloe castilloniae Liliputana is a decorative potted succulent suited to bright light, fast-draining soil, and careful watering.	https://rosaryplanthouse.com/plant/145-aloe-castilloniae-liliputana/	https://rosaryplanthouse.com/sale_plants/145.jpg	in_stock	49.00 INR	Rosary Plant House	new	Live plants > Plants	Standard live plant shipping	Transit damage replacement or refund support
RPH-147-JADE-PLANT-147	Jade Plant	Jade Plant is a decorative potted succulent suited to bright, well-drained growing conditions.	https://rosaryplanthouse.com/plant/147-jade-plant/	https://rosaryplanthouse.com/sale_plants/147.jpg	in_stock	69.00 INR	Rosary Plant House	new	Live plants > Plants	Standard live plant shipping	Transit damage replacement or refund support
RPH-148-VARIEGATED-ENGLISH	Variegated English Ivy	Variegated English Ivy is a decorative foliage plant suited to bright, airy indoor or balcony conditions.	https://rosaryplanthouse.com/plant/148-variegated-english-ivy/	https://rosaryplanthouse.com/sale_plants/148.jpg	in_stock	49.00 INR	Rosary Plant House	new	Live plants > Plants	Standard live plant shipping	Transit damage replacement or refund support
RPH-149-VARIEGATED-ENGLISH	Variegated English Ivy	Variegated English Ivy is a decorative foliage plant suited to bright, airy indoor or balcony conditions.	https://rosaryplanthouse.com/plant/149-variegated-english-ivy/	https://rosaryplanthouse.com/sale_plants/149.jpg	in_stock	49.00 INR	Rosary Plant House	new	Live plants > Plants	Standard live plant shipping	Transit damage replacement or refund support
RPH-151-PURPLE-WAFFLE-PLAN	Purple Waffle Plant	Purple Waffle Plant is a decorative foliage plant suited to bright, airy indoor or balcony conditions.	https://rosaryplanthouse.com/plant/151-purple-waffle-plant/	https://rosaryplanthouse.com/sale_plants/151.jpg	in_stock	59.00 INR	Rosary Plant House	new	Live plants > Plants	Standard live plant shipping	Transit damage replacement or refund support
RPH-152-GREEN-SPIDER-PLANT	Green Spider Plant	Green Spider Plant is a decorative foliage plant suited to bright, airy indoor or balcony conditions.	https://rosaryplanthouse.com/plant/152-green-spider-plant/	https://rosaryplanthouse.com/sale_plants/152.jpg	in_stock	25.00 INR	Rosary Plant House	new	Live plants > Plants	Standard live plant shipping	Transit damage replacement or refund support
RPH-153-AEONIUM-ARBOREUM-V	Aeonium arboreum variegated Irish Rose Plant	Aeonium arboreum variegated Irish Rose is a decorative potted succulent suited to bright light, fast-draining soil, and careful watering.	https://rosaryplanthouse.com/plant/153-aeonium-arboreum-variegated-irish-rose/	https://rosaryplanthouse.com/sale_plants/153.jpg	in_stock	69.00 INR	Rosary Plant House	new	Live plants > Plants	Standard live plant shipping	Transit damage replacement or refund support
RPH-155-YELLOW-FLOWERING-C	Yellow Flowering Cactus	Yellow Flowering Cactus is a potted cactus suited to bright, sharply drained growing conditions.	https://rosaryplanthouse.com/plant/155-yellow-flowering-cactus/	https://rosaryplanthouse.com/sale_plants/155.jpg	in_stock	69.00 INR	Rosary Plant House	new	Live plants > Plants	Standard live plant shipping	Transit damage replacement or refund support
RPH-159-HOUSELEEK-159	Houseleek	Houseleek is a decorative potted succulent suited to bright, well-drained growing conditions.	https://rosaryplanthouse.com/plant/159-houseleek/	https://rosaryplanthouse.com/sale_plants/159.jpg	in_stock	150.00 INR	Rosary Plant House	new	Live plants > Plants	Standard live plant shipping	Transit damage replacement or refund support
RPH-161-PORTULACA-161	Portulaca	Portulaca is a decorative flowering plant suited to bright, airy pot culture.	https://rosaryplanthouse.com/plant/161-portulaca/	https://rosaryplanthouse.com/sale_plants/161.jpg	in_stock	49.00 INR	Rosary Plant House	new	Live plants > Plants	Standard live plant shipping	Transit damage replacement or refund support
RPH-162-BLUE-TEARS-SEDUM-1	Blue Tears Sedum	Blue Tears Sedum is a decorative potted succulent suited to bright, well-drained growing conditions.	https://rosaryplanthouse.com/plant/162-blue-tears-sedum/	https://rosaryplanthouse.com/sale_plants/162.jpg	in_stock	49.00 INR	Rosary Plant House	new	Live plants > Plants	Standard live plant shipping	Transit damage replacement or refund support
RPH-163-ECHEVERIA-SHAVIANA	Echeveria shaviana Plant	Echeveria shaviana is a decorative potted succulent suited to bright light, fast-draining soil, and careful watering.	https://rosaryplanthouse.com/plant/163-echeveria-shaviana/	https://rosaryplanthouse.com/sale_plants/163.jpg	in_stock	149.00 INR	Rosary Plant House	new	Live plants > Plants	Standard live plant shipping	Transit damage replacement or refund support
RPH-164-GHOST-PLANT-CLUSTE	Ghost Plant Cluster	Ghost Plant Cluster is a decorative potted succulent suited to bright, well-drained growing conditions.	https://rosaryplanthouse.com/plant/164-ghost-plant-cluster/	https://rosaryplanthouse.com/sale_plants/164.jpg	in_stock	89.00 INR	Rosary Plant House	new	Live plants > Plants	Standard live plant shipping	Transit damage replacement or refund support
RPH-165-TRAILING-CACTUS-TY	Trailing Cactus Type	Trailing Cactus Type is a potted cactus suited to bright, sharply drained growing conditions.	https://rosaryplanthouse.com/plant/165-trailing-cactus-type/	https://rosaryplanthouse.com/sale_plants/165.jpg	in_stock	69.00 INR	Rosary Plant House	new	Live plants > Plants	Standard live plant shipping	Transit damage replacement or refund support
RPH-166-BLACK-ROSE-AEONIUM	Black Rose Aeonium	Black Rose Aeonium is a decorative potted succulent suited to bright, well-drained growing conditions.	https://rosaryplanthouse.com/plant/166-black-rose-aeonium/	https://rosaryplanthouse.com/sale_plants/166.jpg	in_stock	89.00 INR	Rosary Plant House	new	Live plants > Plants	Standard live plant shipping	Transit damage replacement or refund support
RPH-168-PADDLE-PLANT-168	Paddle Plant	Paddle Plant is a decorative potted succulent suited to bright, well-drained growing conditions.	https://rosaryplanthouse.com/plant/168-paddle-plant/	https://rosaryplanthouse.com/sale_plants/168.jpg	in_stock	99.00 INR	Rosary Plant House	new	Live plants > Plants	Standard live plant shipping	Transit damage replacement or refund support
RPH-171-BLUE-SEDUM-CLUSTER	Blue Sedum Cluster	Blue Sedum Cluster is a decorative potted succulent suited to bright, well-drained growing conditions.	https://rosaryplanthouse.com/plant/171-blue-sedum-cluster/	https://rosaryplanthouse.com/sale_plants/171.jpg	in_stock	99.00 INR	Rosary Plant House	new	Live plants > Plants	Standard live plant shipping	Transit damage replacement or refund support
RPH-174-PADDLE-PLANT-174	Paddle Plant	Paddle Plant is a decorative potted succulent suited to bright, well-drained growing conditions.	https://rosaryplanthouse.com/plant/174-paddle-plant/	https://rosaryplanthouse.com/sale_plants/174.jpg	in_stock	79.00 INR	Rosary Plant House	new	Live plants > Plants	Standard live plant shipping	Transit damage replacement or refund support
RPH-176-ARROWHEAD-VINE-176	Arrowhead Vine	Arrowhead Vine is a decorative foliage plant suited to bright, airy indoor or balcony conditions.	https://rosaryplanthouse.com/plant/176-arrowhead-vine/	https://rosaryplanthouse.com/sale_plants/176.jpg	in_stock	69.00 INR	Rosary Plant House	new	Live plants > Plants	Standard live plant shipping	Transit damage replacement or refund support
RPH-178-OPUNTIA-ELATA	Opuntia elata Plant	Opuntia elata is a decorative potted cactus suited to strong light, sharp drainage, and dry watering intervals.	https://rosaryplanthouse.com/plant/178-opuntia-elata/	https://rosaryplanthouse.com/sale_plants/178.jpg	in_stock	99.00 INR	Rosary Plant House	new	Live plants > Plants	Standard live plant shipping	Transit damage replacement or refund support
RPH-179-CRASSULA-OVATA	Crassula ovata Plant	Crassula ovata is a decorative potted succulent suited to bright light, fast-draining soil, and careful watering.	https://rosaryplanthouse.com/plant/179-crassula-ovata/	https://rosaryplanthouse.com/sale_plants/179.jpg	in_stock	79.00 INR	Rosary Plant House	new	Live plants > Plants	Standard live plant shipping	Transit damage replacement or refund support
RPH-180-SEDUM-PACHYPHYLLUM	Sedum pachyphyllum Plant	Sedum pachyphyllum is a decorative potted succulent suited to bright light, fast-draining soil, and careful watering.	https://rosaryplanthouse.com/plant/180-sedum-pachyphyllum-big/	https://rosaryplanthouse.com/sale_plants/180.jpg	in_stock	89.00 INR	Rosary Plant House	new	Live plants > Plants	Standard live plant shipping	Transit damage replacement or refund support
RPH-181-GOLDEN-STONECROP-1	Golden Stonecrop	Golden Stonecrop is a decorative potted succulent suited to bright, well-drained growing conditions.	https://rosaryplanthouse.com/plant/181-golden-stonecrop/	https://rosaryplanthouse.com/sale_plants/181.jpg	in_stock	79.00 INR	Rosary Plant House	new	Live plants > Plants	Standard live plant shipping	Transit damage replacement or refund support
RPH-182-DONKEY-TAIL-182	Donkey Tail	Donkey Tail is a decorative potted succulent suited to bright, well-drained growing conditions.	https://rosaryplanthouse.com/plant/182-donkey-tail/	https://rosaryplanthouse.com/sale_plants/182.jpg	in_stock	120.00 INR	Rosary Plant House	new	Live plants > Plants	Standard live plant shipping	Transit damage replacement or refund support
RPH-183-COPPERTONE-STONECR	Coppertone Stonecrop	Coppertone Stonecrop is a decorative potted succulent suited to bright, well-drained growing conditions.	https://rosaryplanthouse.com/plant/183-coppertone-stonecrop/	https://rosaryplanthouse.com/sale_plants/183.jpg	in_stock	89.00 INR	Rosary Plant House	new	Live plants > Plants	Standard live plant shipping	Transit damage replacement or refund support
RPH-185-CREEPING-JADE	Creeping Jade Plant	Creeping Jade is a decorative potted succulent suited to bright light, fast-draining soil, and careful watering.	https://rosaryplanthouse.com/plant/185-creeping-jade/	https://rosaryplanthouse.com/sale_plants/185.jpg	in_stock	99.00 INR	Rosary Plant House	new	Live plants > Plants	Standard live plant shipping	Transit damage replacement or refund support
RPH-186-ZEBRA-HAWORTHIA-18	Zebra Haworthia	Zebra Haworthia is a decorative potted succulent suited to bright, well-drained growing conditions.	https://rosaryplanthouse.com/plant/186-zebra-haworthia/	https://rosaryplanthouse.com/sale_plants/186.jpg	in_stock	120.00 INR	Rosary Plant House	new	Live plants > Plants	Standard live plant shipping	Transit damage replacement or refund support
RPH-188-CRASSULA-OVATA	Crassula ovata Plant	Crassula ovata is a decorative potted foliage plant suited to bright filtered light, airy soil, and steady drainage.	https://rosaryplanthouse.com/plant/188-crassula-ovata/	https://rosaryplanthouse.com/sale_plants/188.jpg	in_stock	99.00 INR	Rosary Plant House	new	Live plants > Plants	Standard live plant shipping	Transit damage replacement or refund support
RPH-189-GREEN-AEONIUM-189	Green Aeonium	Green Aeonium is a decorative potted succulent suited to bright, well-drained growing conditions.	https://rosaryplanthouse.com/plant/189-green-aeonium/	https://rosaryplanthouse.com/sale_plants/189.jpg	in_stock	120.00 INR	Rosary Plant House	new	Live plants > Plants	Standard live plant shipping	Transit damage replacement or refund support
RPH-190-RUBY-NECKLACE-190	Ruby Necklace	Ruby Necklace is a decorative potted succulent suited to bright, well-drained growing conditions.	https://rosaryplanthouse.com/plant/190-ruby-necklace/	https://rosaryplanthouse.com/sale_plants/190.jpg	in_stock	120.00 INR	Rosary Plant House	new	Live plants > Plants	Standard live plant shipping	Transit damage replacement or refund support
RPH-191-BUNNY-EAR-CACTUS-1	Bunny Ear Cactus	Bunny Ear Cactus is a potted cactus suited to bright, sharply drained growing conditions.	https://rosaryplanthouse.com/plant/191-bunny-ear-cactus/	https://rosaryplanthouse.com/sale_plants/191.jpg	in_stock	99.00 INR	Rosary Plant House	new	Live plants > Plants	Standard live plant shipping	Transit damage replacement or refund support
RPH-192-BUNNY-EAR-CACTUS-1	Bunny Ear Cactus	Bunny Ear Cactus is a potted cactus suited to bright, sharply drained growing conditions.	https://rosaryplanthouse.com/plant/192-bunny-ear-cactus/	https://rosaryplanthouse.com/sale_plants/192.jpg	in_stock	120.00 INR	Rosary Plant House	new	Live plants > Plants	Standard live plant shipping	Transit damage replacement or refund support
RPH-193-GOLLUM-JADE-193	Gollum Jade	Gollum Jade is a decorative potted succulent suited to bright, well-drained growing conditions.	https://rosaryplanthouse.com/plant/193-gollum-jade/	https://rosaryplanthouse.com/sale_plants/193.jpg	in_stock	120.00 INR	Rosary Plant House	new	Live plants > Plants	Standard live plant shipping	Transit damage replacement or refund support
RPH-194-HAWORTHIOPSIS-ATTE	Haworthiopsis attenuata Plant	Haworthiopsis attenuata is a decorative potted succulent suited to bright light, fast-draining soil, and careful watering.	https://rosaryplanthouse.com/plant/194-haworthiopsis-attenuata/	https://rosaryplanthouse.com/sale_plants/194.jpg	in_stock	99.00 INR	Rosary Plant House	new	Live plants > Plants	Standard live plant shipping	Transit damage replacement or refund support
RPH-195-ECHEVERIA-AKMALIA	Echeveria akmalia Plant	Echeveria akmalia is a decorative potted succulent suited to bright light, fast-draining soil, and careful watering.	https://rosaryplanthouse.com/plant/195-echeveria-akmalia/	https://rosaryplanthouse.com/sale_plants/195.jpg	in_stock	99.00 INR	Rosary Plant House	new	Live plants > Plants	Standard live plant shipping	Transit damage replacement or refund support
RPH-196-HAWORTHIA-CYMBIFOR	Haworthia cymbiformis Plant	Haworthia cymbiformis is a decorative potted succulent suited to bright light, fast-draining soil, and careful watering.	https://rosaryplanthouse.com/plant/196-haworthia-cymbiformis/	https://rosaryplanthouse.com/sale_plants/196.jpg	in_stock	79.00 INR	Rosary Plant House	new	Live plants > Plants	Standard live plant shipping	Transit damage replacement or refund support
RPH-197-VARIEGATED-ELEPHAN	Variegated Elephant Bush	Variegated Elephant Bush is a decorative potted succulent suited to bright, well-drained growing conditions.	https://rosaryplanthouse.com/plant/197-variegated-elephant-bush/	https://rosaryplanthouse.com/sale_plants/197.jpg	in_stock	69.00 INR	Rosary Plant House	new	Live plants > Plants	Standard live plant shipping	Transit damage replacement or refund support
RPH-200-VARIEGATED-SYNGONI	Variegated Syngonium	Variegated Syngonium is a decorative foliage plant suited to bright, airy indoor or balcony conditions.	https://rosaryplanthouse.com/plant/200-variegated-syngonium/	https://rosaryplanthouse.com/sale_plants/200.jpg	in_stock	49.00 INR	Rosary Plant House	new	Live plants > Plants	Standard live plant shipping	Transit damage replacement or refund support
RPH-201-WINDOW-HAWORTHIA-2	Window Haworthia	Window Haworthia is a decorative potted succulent suited to bright, well-drained growing conditions.	https://rosaryplanthouse.com/plant/201-window-haworthia/	https://rosaryplanthouse.com/sale_plants/201.jpg	in_stock	49.00 INR	Rosary Plant House	new	Live plants > Plants	Standard live plant shipping	Transit damage replacement or refund support
RPH-203-SPIKY-ROSETTE-PLAN	Spiky Rosette Plant	Spiky Rosette Plant is a decorative foliage plant suited to bright, airy indoor or balcony conditions.	https://rosaryplanthouse.com/plant/203-spiky-rosette-plant/	https://rosaryplanthouse.com/sale_plants/203.jpg	in_stock	69.00 INR	Rosary Plant House	new	Live plants > Plants	Standard live plant shipping	Transit damage replacement or refund support
RPH-204-WATERMELON-PEPEROM	Watermelon Peperomia	Watermelon Peperomia is a decorative foliage plant suited to bright, airy indoor or balcony conditions.	https://rosaryplanthouse.com/plant/204-watermelon-peperomia/	https://rosaryplanthouse.com/sale_plants/204.jpg	in_stock	89.00 INR	Rosary Plant House	new	Live plants > Plants	Standard live plant shipping	Transit damage replacement or refund support
RPH-205-CHINESE-MONEY-PLAN	Chinese Money Plant	Chinese Money Plant is a decorative foliage plant suited to bright, airy indoor or balcony conditions.	https://rosaryplanthouse.com/plant/205-chinese-money-plant/	https://rosaryplanthouse.com/sale_plants/205.jpg	in_stock	69.00 INR	Rosary Plant House	new	Live plants > Plants	Standard live plant shipping	Transit damage replacement or refund support
RPH-206-SPOTTED-GASTERIA-2	Spotted Gasteria	Spotted Gasteria is a decorative potted succulent suited to bright, well-drained growing conditions.	https://rosaryplanthouse.com/plant/206-spotted-gasteria/	https://rosaryplanthouse.com/sale_plants/206.jpg	in_stock	69.00 INR	Rosary Plant House	new	Live plants > Plants	Standard live plant shipping	Transit damage replacement or refund support
RPH-207-RUBBER-PLANT-207	Rubber Plant	Rubber Plant is a decorative foliage plant suited to bright, airy indoor or balcony conditions.	https://rosaryplanthouse.com/plant/207-rubber-plant/	https://rosaryplanthouse.com/sale_plants/207.jpg	in_stock	69.00 INR	Rosary Plant House	new	Live plants > Plants	Standard live plant shipping	Transit damage replacement or refund support
RPH-208-WANDERING-JEW-TRAD	Wandering Jew Tradescantia Plant	Wandering Jew Tradescantia is a decorative potted foliage plant suited to bright filtered light, airy soil, and steady drainage.	https://rosaryplanthouse.com/plant/208-wandering-jew-tradescantia/	https://rosaryplanthouse.com/sale_plants/208.jpg	in_stock	69.00 INR	Rosary Plant House	new	Live plants > Plants	Standard live plant shipping	Transit damage replacement or refund support
RPH-209-MONSTROSE-CACTUS-2	Monstrose Cactus	Monstrose Cactus is a potted cactus suited to bright, sharply drained growing conditions.	https://rosaryplanthouse.com/plant/209-monstrose-cactus/	https://rosaryplanthouse.com/sale_plants/209.jpg	in_stock	69.00 INR	Rosary Plant House	new	Live plants > Plants	Standard live plant shipping	Transit damage replacement or refund support
RPH-210-ALOE-ARISTATA	Aloe aristata Plant	Aloe aristata is a decorative potted succulent suited to bright light, fast-draining soil, and careful watering.	https://rosaryplanthouse.com/plant/210-aloe-aristata/	https://rosaryplanthouse.com/sale_plants/210.jpg	in_stock	99.00 INR	Rosary Plant House	new	Live plants > Plants	Standard live plant shipping	Transit damage replacement or refund support
RPH-211-MAMMILLARIA-AS-NG-	Mammillaria As Ng Bn Plant	Mammillaria As Ng Bn is a decorative potted cactus suited to strong light, sharp drainage, and dry watering intervals.	https://rosaryplanthouse.com/plant/211-mammillaria-as-ng-bn/	https://rosaryplanthouse.com/sale_plants/211.jpg	in_stock	149.00 INR	Rosary Plant House	new	Live plants > Plants	Standard live plant shipping	Transit damage replacement or refund support
RPH-212-ECHINOPSIS-PEANUT-	Echinopsis Peanut Cactus Plant	Echinopsis Peanut Cactus is a decorative potted cactus suited to strong light, sharp drainage, and dry watering intervals.	https://rosaryplanthouse.com/plant/212-echinopsis-peanut-cactus/	https://rosaryplanthouse.com/sale_plants/212.jpg	in_stock	139.00 INR	Rosary Plant House	new	Live plants > Plants	Standard live plant shipping	Transit damage replacement or refund support
RPH-213-MAMMILLARIA-BOCASA	Mammillaria bocasana Plant	Mammillaria bocasana is a decorative potted cactus suited to strong light, sharp drainage, and dry watering intervals.	https://rosaryplanthouse.com/plant/213-mammillaria-bocasana/	https://rosaryplanthouse.com/sale_plants/213.jpg	in_stock	69.00 INR	Rosary Plant House	new	Live plants > Plants	Standard live plant shipping	Transit damage replacement or refund support
RPH-217-STRING-OF-BUTTONS-	String of Buttons	String of Buttons is a decorative potted succulent suited to bright, well-drained growing conditions.	https://rosaryplanthouse.com/plant/217-string-of-buttons/	https://rosaryplanthouse.com/sale_plants/217.jpg	in_stock	69.00 INR	Rosary Plant House	new	Live plants > Plants	Standard live plant shipping	Transit damage replacement or refund support
RPH-219-ECHEVERIA-SNOW-VAL	Echeveria Snow Valley Plant	Echeveria Snow Valley is a decorative potted succulent suited to bright light, fast-draining soil, and careful watering.	https://rosaryplanthouse.com/plant/219-echeveria-snow-valley/	https://rosaryplanthouse.com/sale_plants/219.jpg	in_stock	149.00 INR	Rosary Plant House	new	Live plants > Plants	Standard live plant shipping	Transit damage replacement or refund support
RPH-222-EARTH-STAR-BROMELI	Earth Star Bromeliad	Earth Star Bromeliad is a decorative foliage plant suited to bright, airy indoor or balcony conditions.	https://rosaryplanthouse.com/plant/222-earth-star-bromeliad/	https://rosaryplanthouse.com/sale_plants/222.jpg	in_stock	59.00 INR	Rosary Plant House	new	Live plants > Plants	Standard live plant shipping	Transit damage replacement or refund support
RPH-223-SPOTTED-STAR-SUCCU	Spotted Star Succulent	Spotted Star Succulent is a decorative potted succulent suited to bright, well-drained growing conditions.	https://rosaryplanthouse.com/plant/223-spotted-star-succulent/	https://rosaryplanthouse.com/sale_plants/223.jpg	in_stock	59.00 INR	Rosary Plant House	new	Live plants > Plants	Standard live plant shipping	Transit damage replacement or refund support
RPH-225-OYSTER-PLANT-225	Oyster Plant	Oyster Plant is a decorative foliage plant suited to bright, airy indoor or balcony conditions.	https://rosaryplanthouse.com/plant/225-oyster-plant/	https://rosaryplanthouse.com/sale_plants/225.jpg	in_stock	69.00 INR	Rosary Plant House	new	Live plants > Plants	Standard live plant shipping	Transit damage replacement or refund support
RPH-226-DRACAENA-TYPE-PLAN	Dracaena reflexa or related group Plant	Dracaena Type Plant is a decorative foliage plant suited to bright, airy indoor or balcony conditions.	https://rosaryplanthouse.com/plant/226-dracaena-reflexa-or-related-group/	https://rosaryplanthouse.com/sale_plants/226.jpg	in_stock	79.00 INR	Rosary Plant House	new	Live plants > Plants	Standard live plant shipping	Transit damage replacement or refund support
RPH-228-WINDOW-HAWORTHIA-C	Window Haworthia Cluster	Window Haworthia Cluster is a decorative potted succulent suited to bright, well-drained growing conditions.	https://rosaryplanthouse.com/plant/228-window-haworthia-cluster/	https://rosaryplanthouse.com/sale_plants/228.jpg	in_stock	59.00 INR	Rosary Plant House	new	Live plants > Plants	Standard live plant shipping	Transit damage replacement or refund support
RPH-229-ALOE-MINNIE-BELLE	Aloe Minnie Belle Plant	Aloe Minnie Belle is a decorative potted succulent suited to bright light, fast-draining soil, and careful watering.	https://rosaryplanthouse.com/plant/229-aloe-minnie-belle/	https://rosaryplanthouse.com/sale_plants/229.jpg	in_stock	59.00 INR	Rosary Plant House	new	Live plants > Plants	Standard live plant shipping	Transit damage replacement or refund support
RPH-230-HAWORTHIA-RETUSA	Haworthia retusa Plant	Haworthia retusa is a decorative potted succulent suited to bright light, fast-draining soil, and careful watering.	https://rosaryplanthouse.com/plant/230-haworthia-retusa/	https://rosaryplanthouse.com/sale_plants/230.jpg	in_stock	49.00 INR	Rosary Plant House	new	Live plants > Plants	Standard live plant shipping	Transit damage replacement or refund support
RPH-232-VARIEGATED-AEONIUM	Variegated Aeonium	Variegated Aeonium is a decorative potted succulent suited to bright, well-drained growing conditions.	https://rosaryplanthouse.com/plant/232-variegated-aeonium/	https://rosaryplanthouse.com/sale_plants/232.jpg	in_stock	79.00 INR	Rosary Plant House	new	Live plants > Plants	Standard live plant shipping	Transit damage replacement or refund support
RPH-234-STRING-OF-BANANAS-	String of Bananas	String of Bananas is a decorative potted succulent suited to bright, well-drained growing conditions.	https://rosaryplanthouse.com/plant/234-string-of-bananas/	https://rosaryplanthouse.com/sale_plants/234.jpg	in_stock	69.00 INR	Rosary Plant House	new	Live plants > Plants	Standard live plant shipping	Transit damage replacement or refund support
RPH-235-PEPEROMIA-NIVALIS	Peperomia nivalis Plant	Peperomia nivalis is a decorative potted foliage plant suited to bright filtered light, airy soil, and steady drainage.	https://rosaryplanthouse.com/plant/235-peperomia-nivalis/	https://rosaryplanthouse.com/sale_plants/235.jpg	in_stock	79.00 INR	Rosary Plant House	new	Live plants > Plants	Standard live plant shipping	Transit damage replacement or refund support
RPH-236-HAWORTHIA-ASEMA	Haworthia asema Plant	Haworthia asema is a decorative potted succulent suited to bright light, fast-draining soil, and careful watering.	https://rosaryplanthouse.com/plant/236-haworthia-asema/	https://rosaryplanthouse.com/sale_plants/236.jpg	in_stock	59.00 INR	Rosary Plant House	new	Live plants > Plants	Standard live plant shipping	Transit damage replacement or refund support
RPH-242-ECHEVERIA-CLARA	Echeveria Clara Plant	Echeveria Clara is a decorative potted succulent suited to bright light, fast-draining soil, and careful watering.	https://rosaryplanthouse.com/plant/242-echeveria-clara/	https://rosaryplanthouse.com/sale_plants/242.jpg	in_stock	79.00 INR	Rosary Plant House	new	Live plants > Plants	Standard live plant shipping	Transit damage replacement or refund support
RPH-243-GRAPTOVERIA-DEBBIE	Graptoveria Debbie Plant	Graptoveria Debbie is a decorative potted succulent suited to bright light, fast-draining soil, and careful watering.	https://rosaryplanthouse.com/plant/243-graptoveria-debbie/	https://rosaryplanthouse.com/sale_plants/243.jpg	in_stock	79.00 INR	Rosary Plant House	new	Live plants > Plants	Standard live plant shipping	Transit damage replacement or refund support
RPH-244-VARIEGATED-FOLIAGE	Peperomia obtusifolia 'Variegata' Plant	Variegated Foliage Cutting is a decorative foliage plant suited to bright, airy indoor or balcony conditions.	https://rosaryplanthouse.com/plant/244-peperomia-obtusifolia-variegata/	https://rosaryplanthouse.com/sale_plants/244.jpg	in_stock	69.00 INR	Rosary Plant House	new	Live plants > Plants	Standard live plant shipping	Transit damage replacement or refund support
RPH-246-MEXICAN-SNOWBALL-2	Mexican Snowball	Mexican Snowball is a decorative potted succulent suited to bright, well-drained growing conditions.	https://rosaryplanthouse.com/plant/246-mexican-snowball/	https://rosaryplanthouse.com/sale_plants/246.jpg	in_stock	79.00 INR	Rosary Plant House	new	Live plants > Plants	Standard live plant shipping	Transit damage replacement or refund support
RPH-248-PACHYPHYTUM-COMPAC	Pachyphytum compactum Plant	Pachyphytum compactum is a decorative potted succulent suited to bright light, fast-draining soil, and careful watering.	https://rosaryplanthouse.com/plant/248-pachyphytum-compactum/	https://rosaryplanthouse.com/sale_plants/248.jpg	in_stock	79.00 INR	Rosary Plant House	new	Live plants > Plants	Standard live plant shipping	Transit damage replacement or refund support
RPH-249-BLUE-GHOSTY-SUCCUL	Blue Ghosty Succulent	Blue Ghosty Succulent is a decorative potted succulent suited to bright, well-drained growing conditions.	https://rosaryplanthouse.com/plant/249-blue-ghosty-succulent/	https://rosaryplanthouse.com/sale_plants/249.jpg	in_stock	79.00 INR	Rosary Plant House	new	Live plants > Plants	Standard live plant shipping	Transit damage replacement or refund support
RPH-250-PACHYVERIA-POWDER-	Pachyveria Powder Puff Plant	Pachyveria Powder Puff is a decorative potted succulent suited to bright light, fast-draining soil, and careful watering.	https://rosaryplanthouse.com/plant/250-pachyveria-powder-puff/	https://rosaryplanthouse.com/sale_plants/250.jpg	in_stock	79.00 INR	Rosary Plant House	new	Live plants > Plants	Standard live plant shipping	Transit damage replacement or refund support
RPH-251-TRADESCANTIA-ZEBRI	Tradescantia Zebrina	Tradescantia Zebrina is a decorative foliage plant suited to bright, airy indoor or balcony conditions.	https://rosaryplanthouse.com/plant/251-tradescantia-zebrina/	https://rosaryplanthouse.com/sale_plants/251.jpg	in_stock	69.00 INR	Rosary Plant House	new	Live plants > Plants	Standard live plant shipping	Transit damage replacement or refund support
RPH-252-SILVER-NARROW-LEAF	Silver Narrow-Leaf Succulent	Silver Narrow-Leaf Succulent is a decorative potted succulent suited to bright, well-drained growing conditions.	https://rosaryplanthouse.com/plant/252-silver-narrow-leaf-succulent/	https://rosaryplanthouse.com/sale_plants/252.jpg	in_stock	79.00 INR	Rosary Plant House	new	Live plants > Plants	Standard live plant shipping	Transit damage replacement or refund support
RPH-253-VARIEGATED-SUCCULE	Variegated Succulent Shrub	Variegated Succulent Shrub is a decorative potted succulent suited to bright, well-drained growing conditions.	https://rosaryplanthouse.com/plant/253-variegated-succulent-shrub/	https://rosaryplanthouse.com/sale_plants/253.jpg	in_stock	59.00 INR	Rosary Plant House	new	Live plants > Plants	Standard live plant shipping	Transit damage replacement or refund support
RPH-254-RED-ALTERNANTHERA-	Alternanthera ficoidea group Plant	Red Alternanthera Type is a decorative foliage plant suited to bright, airy indoor or balcony conditions.	https://rosaryplanthouse.com/plant/254-alternanthera-ficoidea-group/	https://rosaryplanthouse.com/sale_plants/254.jpg	in_stock	59.00 INR	Rosary Plant House	new	Live plants > Plants	Standard live plant shipping	Transit damage replacement or refund support
RPH-255-WINDOW-HAWORTHIA-2	Window Haworthia	Window Haworthia is a decorative potted succulent suited to bright, well-drained growing conditions.	https://rosaryplanthouse.com/plant/255-window-haworthia/	https://rosaryplanthouse.com/sale_plants/255.jpg	in_stock	79.00 INR	Rosary Plant House	new	Live plants > Plants	Standard live plant shipping	Transit damage replacement or refund support
RPH-256-VARIEGATED-ALOE	Variegated Aloe Plant	Variegated Aloe is a decorative potted succulent suited to bright light, fast-draining soil, and careful watering.	https://rosaryplanthouse.com/plant/256-variegated-aloe/	https://rosaryplanthouse.com/sale_plants/256.jpg	in_stock	79.00 INR	Rosary Plant House	new	Live plants > Plants	Standard live plant shipping	Transit damage replacement or refund support
RPH-257-MAMMILLARIA-SONQR-	Mammillaria Sonqr Amr Plant	Mammillaria Sonqr Amr is a decorative potted cactus suited to strong light, sharp drainage, and dry watering intervals.	https://rosaryplanthouse.com/plant/257-mammillaria-sonqr-amr/	https://rosaryplanthouse.com/sale_plants/257.jpg	in_stock	79.00 INR	Rosary Plant House	new	Live plants > Plants	Standard live plant shipping	Transit damage replacement or refund support
RPH-258-SPOTTED-STAR-SUCCU	Spotted Star Succulent	Spotted Star Succulent is a decorative potted succulent suited to bright, well-drained growing conditions.	https://rosaryplanthouse.com/plant/258-spotted-star-succulent/	https://rosaryplanthouse.com/sale_plants/258.jpg	in_stock	79.00 INR	Rosary Plant House	new	Live plants > Plants	Standard live plant shipping	Transit damage replacement or refund support
RPH-259-SPOTTED-ALOE-259	Spotted Aloe	Spotted Aloe is a decorative potted succulent suited to bright, well-drained growing conditions.	https://rosaryplanthouse.com/plant/259-spotted-aloe/	https://rosaryplanthouse.com/sale_plants/259.jpg	in_stock	79.00 INR	Rosary Plant House	new	Live plants > Plants	Standard live plant shipping	Transit damage replacement or refund support
RPH-260-CRYPTANTHUS-ACAULI	Cryptanthus acaulis Plant	Cryptanthus acaulis is a decorative potted foliage plant suited to bright filtered light, airy soil, and steady drainage.	https://rosaryplanthouse.com/plant/260-cryptanthus-acaulis/	https://rosaryplanthouse.com/sale_plants/260.jpg	in_stock	79.00 INR	Rosary Plant House	new	Live plants > Plants	Standard live plant shipping	Transit damage replacement or refund support
RPH-261-ZEBRA-HAWORTHIA-26	Zebra Haworthia	Zebra Haworthia is a decorative potted succulent suited to bright, well-drained growing conditions.	https://rosaryplanthouse.com/plant/261-zebra-haworthia/	https://rosaryplanthouse.com/sale_plants/261.jpg	in_stock	79.00 INR	Rosary Plant House	new	Live plants > Plants	Standard live plant shipping	Transit damage replacement or refund support
RPH-262-GREEN-ALOE-ROSETTE	Green Aloe Rosette	Green Aloe Rosette is a decorative potted succulent suited to bright, well-drained growing conditions.	https://rosaryplanthouse.com/plant/262-green-aloe-rosette/	https://rosaryplanthouse.com/sale_plants/262.jpg	in_stock	79.00 INR	Rosary Plant House	new	Live plants > Plants	Standard live plant shipping	Transit damage replacement or refund support
RPH-263-ALOE-VERA-263	Aloe Vera	Aloe Vera is a decorative potted succulent suited to bright, well-drained growing conditions.	https://rosaryplanthouse.com/plant/263-aloe-vera/	https://rosaryplanthouse.com/sale_plants/263.jpg	in_stock	99.00 INR	Rosary Plant House	new	Live plants > Plants	Standard live plant shipping	Transit damage replacement or refund support
RPH-264-HAWORTHIOPSIS-COAR	Haworthiopsis coarctata Plant	Haworthiopsis coarctata is a decorative potted succulent suited to bright light, fast-draining soil, and careful watering.	https://rosaryplanthouse.com/plant/264-haworthiopsis-coarctata/	https://rosaryplanthouse.com/sale_plants/264.jpg	in_stock	89.00 INR	Rosary Plant House	new	Live plants > Plants	Standard live plant shipping	Transit damage replacement or refund support
RPH-265-BUNNY-EAR-CACTUS-2	Bunny Ear Cactus	Bunny Ear Cactus is a potted cactus suited to bright, sharply drained growing conditions.	https://rosaryplanthouse.com/plant/265-bunny-ear-cactus/	https://rosaryplanthouse.com/sale_plants/265.jpg	in_stock	99.00 INR	Rosary Plant House	new	Live plants > Plants	Standard live plant shipping	Transit damage replacement or refund support
RPH-266-RIPPLE-PEPEROMIA-2	Ripple Peperomia	Ripple Peperomia is a decorative foliage plant suited to bright, airy indoor or balcony conditions.	https://rosaryplanthouse.com/plant/266-ripple-peperomia/	https://rosaryplanthouse.com/sale_plants/266.jpg	in_stock	69.00 INR	Rosary Plant House	new	Live plants > Plants	Standard live plant shipping	Transit damage replacement or refund support
RPH-267-PEPEROMIA-CAPERATA	Peperomia caperata Plant	Peperomia caperata is a decorative potted foliage plant suited to bright filtered light, airy soil, and steady drainage.	https://rosaryplanthouse.com/plant/267-peperomia-caperata-green-big/	https://rosaryplanthouse.com/sale_plants/267.jpg	in_stock	79.00 INR	Rosary Plant House	new	Live plants > Plants	Standard live plant shipping	Transit damage replacement or refund support
RPH-268-HAWORTHIA-RETUSA	Haworthia retusa Plant	Haworthia retusa is a decorative potted succulent suited to bright light, fast-draining soil, and careful watering.	https://rosaryplanthouse.com/plant/268-haworthia-retusa/	https://rosaryplanthouse.com/sale_plants/268.jpg	in_stock	99.00 INR	Rosary Plant House	new	Live plants > Plants	Standard live plant shipping	Transit damage replacement or refund support
RPH-269-WINDOW-HAWORTHIA-C	Window Haworthia Cluster	Window Haworthia Cluster is a decorative potted succulent suited to bright, well-drained growing conditions.	https://rosaryplanthouse.com/plant/269-window-haworthia-cluster/	https://rosaryplanthouse.com/sale_plants/269.jpg	in_stock	99.00 INR	Rosary Plant House	new	Live plants > Plants	Standard live plant shipping	Transit damage replacement or refund support
RPH-270-SPOTTED-GASTERIA-T	Spotted Gasteria Type	Spotted Gasteria Type is a decorative potted succulent suited to bright, well-drained growing conditions.	https://rosaryplanthouse.com/plant/270-spotted-gasteria-type/	https://rosaryplanthouse.com/sale_plants/270.jpg	in_stock	99.00 INR	Rosary Plant House	new	Live plants > Plants	Standard live plant shipping	Transit damage replacement or refund support
RPH-271-ALOE-VERA-271	Aloe Vera	Aloe Vera is a decorative potted succulent suited to bright, well-drained growing conditions.	https://rosaryplanthouse.com/plant/271-aloe-vera/	https://rosaryplanthouse.com/sale_plants/271.jpg	in_stock	69.00 INR	Rosary Plant House	new	Live plants > Plants	Standard live plant shipping	Transit damage replacement or refund support
RPH-274-ALOE-VERA-274	Aloe Vera	Aloe Vera is a decorative potted succulent suited to bright, well-drained growing conditions.	https://rosaryplanthouse.com/plant/274-aloe-vera/	https://rosaryplanthouse.com/sale_plants/274.jpg	in_stock	89.00 INR	Rosary Plant House	new	Live plants > Plants	Standard live plant shipping	Transit damage replacement or refund support
RPH-275-ZEBRA-HAWORTHIA-27	Zebra Haworthia	Zebra Haworthia is a decorative potted succulent suited to bright, well-drained growing conditions.	https://rosaryplanthouse.com/plant/275-zebra-haworthia/	https://rosaryplanthouse.com/sale_plants/275.jpg	in_stock	69.00 INR	Rosary Plant House	new	Live plants > Plants	Standard live plant shipping	Transit damage replacement or refund support
RPH-276-ZEBRA-HAWORTHIA-27	Zebra Haworthia	Zebra Haworthia is a decorative potted succulent suited to bright, well-drained growing conditions.	https://rosaryplanthouse.com/plant/276-zebra-haworthia/	https://rosaryplanthouse.com/sale_plants/276.jpg	in_stock	79.00 INR	Rosary Plant House	new	Live plants > Plants	Standard live plant shipping	Transit damage replacement or refund support
RPH-280-MISTLETOE-CACTUS-2	Mistletoe Cactus	Mistletoe Cactus is a potted cactus suited to bright, sharply drained growing conditions.	https://rosaryplanthouse.com/plant/280-mistletoe-cactus/	https://rosaryplanthouse.com/sale_plants/280.jpg	in_stock	89.00 INR	Rosary Plant House	new	Live plants > Plants	Standard live plant shipping	Transit damage replacement or refund support
RPH-281-BABY-RUBBER-PLANT-	Baby Rubber Plant	Baby Rubber Plant is a decorative foliage plant suited to bright, airy indoor or balcony conditions.	https://rosaryplanthouse.com/plant/281-baby-rubber-plant/	https://rosaryplanthouse.com/sale_plants/281.jpg	in_stock	69.00 INR	Rosary Plant House	new	Live plants > Plants	Standard live plant shipping	Transit damage replacement or refund support
RPH-283-STACKED-NECKLACE-S	Stacked Necklace Succulent	Stacked Necklace Succulent is a decorative potted succulent suited to bright, well-drained growing conditions.	https://rosaryplanthouse.com/plant/283-stacked-necklace-succulent/	https://rosaryplanthouse.com/sale_plants/283.jpg	in_stock	49.00 INR	Rosary Plant House	new	Live plants > Plants	Standard live plant shipping	Transit damage replacement or refund support
RPH-285-CYLINDRICAL-SNAKE-	Cylindrical Snake Plant	Cylindrical Snake Plant is a decorative foliage plant suited to bright, airy indoor or balcony conditions.	https://rosaryplanthouse.com/plant/285-cylindrical-snake-plant/	https://rosaryplanthouse.com/sale_plants/285.jpg	in_stock	120.00 INR	Rosary Plant House	new	Live plants > Plants	Standard live plant shipping	Transit damage replacement or refund support
RPH-287-MEXICAN-SNOWBALL-2	Mexican Snowball	Mexican Snowball is a decorative potted succulent suited to bright, well-drained growing conditions.	https://rosaryplanthouse.com/plant/287-mexican-snowball/	https://rosaryplanthouse.com/sale_plants/287.jpg	in_stock	120.00 INR	Rosary Plant House	new	Live plants > Plants	Standard live plant shipping	Transit damage replacement or refund support
RPH-288-ECHEVERIA-RUNYONII	Echeveria runyonii Blue Plant	Echeveria runyonii Blue is a decorative potted succulent suited to bright light, fast-draining soil, and careful watering.	https://rosaryplanthouse.com/plant/288-echeveria-runyonii-blue/	https://rosaryplanthouse.com/sale_plants/288.jpg	in_stock	120.00 INR	Rosary Plant House	new	Live plants > Plants	Standard live plant shipping	Transit damage replacement or refund support
RPH-291-GOLDEN-BARREL-TYPE	Golden Barrel-Type Cactus	Golden Barrel-Type Cactus is a potted cactus suited to bright, sharply drained growing conditions.	https://rosaryplanthouse.com/plant/291-golden-barrel-type-cactus/	https://rosaryplanthouse.com/sale_plants/291.jpg	in_stock	79.00 INR	Rosary Plant House	new	Live plants > Plants	Standard live plant shipping	Transit damage replacement or refund support
RPH-295-ZEBRA-HAWORTHIA-29	Zebra Haworthia	Zebra Haworthia is a decorative potted succulent suited to bright, well-drained growing conditions.	https://rosaryplanthouse.com/plant/295-zebra-haworthia/	https://rosaryplanthouse.com/sale_plants/295.jpg	in_stock	79.00 INR	Rosary Plant House	new	Live plants > Plants	Standard live plant shipping	Transit damage replacement or refund support
RPH-296-PATTERNED-ROSETTE-	Patterned Rosette Succulent	Patterned Rosette Succulent is a decorative potted succulent suited to bright, well-drained growing conditions.	https://rosaryplanthouse.com/plant/296-patterned-rosette-succulent/	https://rosaryplanthouse.com/sale_plants/296.jpg	in_stock	79.00 INR	Rosary Plant House	new	Live plants > Plants	Standard live plant shipping	Transit damage replacement or refund support
RPH-297-GOLLUM-JADE-297	Crassula ovata 'Gollum' group Plant	Gollum Jade is a decorative potted succulent suited to bright, well-drained growing conditions.	https://rosaryplanthouse.com/plant/297-crassula-ovata-gollum-group/	https://rosaryplanthouse.com/sale_plants/297.jpg	in_stock	79.00 INR	Rosary Plant House	new	Live plants > Plants	Standard live plant shipping	Transit damage replacement or refund support
RPH-298-ROSE-SUCCULENT-298	Rose Succulent	Rose Succulent is a decorative potted succulent suited to bright, well-drained growing conditions.	https://rosaryplanthouse.com/plant/298-rose-succulent/	https://rosaryplanthouse.com/sale_plants/298.jpg	in_stock	79.00 INR	Rosary Plant House	new	Live plants > Plants	Standard live plant shipping	Transit damage replacement or refund support
RPH-299-GREEN-ECHEVERIA-RO	Green Echeveria Rosette	Green Echeveria Rosette is a decorative potted succulent suited to bright, well-drained growing conditions.	https://rosaryplanthouse.com/plant/299-green-echeveria-rosette/	https://rosaryplanthouse.com/sale_plants/299.jpg	in_stock	79.00 INR	Rosary Plant House	new	Live plants > Plants	Standard live plant shipping	Transit damage replacement or refund support
RPH-301-GREEN-ECHEVERIA-RO	Green Echeveria Rosette	Green Echeveria Rosette is a decorative potted succulent suited to bright, well-drained growing conditions.	https://rosaryplanthouse.com/plant/301-green-echeveria-rosette/	https://rosaryplanthouse.com/sale_plants/301.jpg	in_stock	79.00 INR	Rosary Plant House	new	Live plants > Plants	Standard live plant shipping	Transit damage replacement or refund support
RPH-302-RED-EDGED-ECHEVERI	Red-Edged Echeveria	Red-Edged Echeveria is a decorative potted succulent suited to bright, well-drained growing conditions.	https://rosaryplanthouse.com/plant/302-red-edged-echeveria/	https://rosaryplanthouse.com/sale_plants/302.jpg	in_stock	79.00 INR	Rosary Plant House	new	Live plants > Plants	Standard live plant shipping	Transit damage replacement or refund support
RPH-303-DARK-RED-ROSETTE-S	Dark Red Rosette Succulent	Dark Red Rosette Succulent is a decorative potted succulent suited to bright, well-drained growing conditions.	https://rosaryplanthouse.com/plant/303-dark-red-rosette-succulent/	https://rosaryplanthouse.com/sale_plants/303.jpg	in_stock	79.00 INR	Rosary Plant House	new	Live plants > Plants	Standard live plant shipping	Transit damage replacement or refund support
RPH-304-WATCH-CHAIN-SUCCUL	Crassula muscosa Plant	Watch Chain Succulent is a decorative potted succulent suited to bright, well-drained growing conditions.	https://rosaryplanthouse.com/plant/304-crassula-muscosa/	https://rosaryplanthouse.com/sale_plants/304.jpg	in_stock	79.00 INR	Rosary Plant House	new	Live plants > Plants	Standard live plant shipping	Transit damage replacement or refund support
RPH-306-HOUSELEEK-306	Houseleek	Houseleek is a decorative potted succulent suited to bright, well-drained growing conditions.	https://rosaryplanthouse.com/plant/306-houseleek/	https://rosaryplanthouse.com/sale_plants/306.jpg	in_stock	79.00 INR	Rosary Plant House	new	Live plants > Plants	Standard live plant shipping	Transit damage replacement or refund support
RPH-310-FAIRY-WASHBOARD-31	Haworthiopsis limifolia Plant	Fairy Washboard is a decorative potted succulent suited to bright, well-drained growing conditions.	https://rosaryplanthouse.com/plant/310-haworthiopsis-limifolia/	https://rosaryplanthouse.com/sale_plants/310.jpg	in_stock	79.00 INR	Rosary Plant House	new	Live plants > Plants	Standard live plant shipping	Transit damage replacement or refund support
RPH-312-PATTERNED-STAR-SUC	Patterned Star Succulent	Patterned Star Succulent is a decorative potted succulent suited to bright, well-drained growing conditions.	https://rosaryplanthouse.com/plant/312-patterned-star-succulent/	https://rosaryplanthouse.com/sale_plants/312.jpg	in_stock	79.00 INR	Rosary Plant House	new	Live plants > Plants	Standard live plant shipping	Transit damage replacement or refund support
